dataset,rows,cols,positive_rate,missing_global_pct
Polish (Year1),7027,65,0.03856553294435748,1.2774901205241325
USA,78682,22,0.06634300094049465,0.0
