{
  "dataset": "Polish (Year1)",
  "shape": [
    7027,
    65
  ],
  "n_rows": 7027,
  "n_cols": 65,
  "n_numeric": 65,
  "n_non_numeric": 0,
  "missing_top20_pct": {
    "Attr37": 38.992,
    "Attr21": 23.082,
    "Attr27": 4.426,
    "Attr60": 1.921,
    "Attr45": 1.907,
    "Attr24": 1.765,
    "Attr41": 1.195,
    "Attr11": 0.555,
    "Attr32": 0.541,
    "Attr28": 0.484,
    "Attr53": 0.484,
    "Attr64": 0.484,
    "Attr54": 0.484,
    "Attr46": 0.441,
    "Attr33": 0.427,
    "Attr12": 0.427,
    "Attr4": 0.427,
    "Attr63": 0.427,
    "Attr40": 0.427,
    "Attr47": 0.413
  },
  "missing_global_pct": 1.2774901205241325,
  "target_counts": {
    "0": 6756,
    "1": 271
  },
  "positive_rate": 0.03856553294435748,
  "numeric_describe_top10": {
    "count": {
      "Attr1": 7024.0,
      "Attr2": 7024.0,
      "Attr3": 7024.0,
      "Attr4": 6997.0,
      "Attr5": 7019.0,
      "Attr6": 7024.0,
      "Attr7": 7024.0,
      "Attr8": 7002.0,
      "Attr9": 7026.0,
      "Attr10": 7024.0
    },
    "mean": {
      "Attr1": 0.0347,
      "Attr2": 0.5602,
      "Attr3": 0.12,
      "Attr4": 2.6291,
      "Attr5": -263.1672,
      "Attr6": 0.0597,
      "Attr7": 0.3139,
      "Attr8": 2.624,
      "Attr9": 5.5529,
      "Attr10": 1.8258
    },
    "std": {
      "Attr1": 4.5655,
      "Attr2": 5.3501,
      "Attr3": 5.2755,
      "Attr4": 13.2574,
      "Attr5": 37074.5964,
      "Attr6": 6.0511,
      "Attr7": 8.3533,
      "Attr8": 18.7083,
      "Attr9": 101.9954,
      "Attr10": 33.8365
    },
    "min": {
      "Attr1": -256.89,
      "Attr2": -72.162,
      "Attr3": -440.5,
      "Attr4": 0.0,
      "Attr5": -2722100.0,
      "Attr6": -397.89,
      "Attr7": -189.56,
      "Attr8": -141.41,
      "Attr9": 0.0,
      "Attr10": -440.55
    },
    "25%": {
      "Attr1": 0.0212,
      "Attr2": 0.2967,
      "Attr3": 0.027,
      "Attr4": 1.0631,
      "Attr5": -44.498,
      "Attr6": 0.0,
      "Attr7": 0.028,
      "Attr8": 0.4457,
      "Attr9": 1.0372,
      "Attr10": 0.3008
    },
    "50%": {
      "Attr1": 0.0758,
      "Attr2": 0.483,
      "Attr3": 0.1813,
      "Attr4": 1.502,
      "Attr5": -5.3739,
      "Attr6": 0.0,
      "Attr7": 0.0901,
      "Attr8": 1.0151,
      "Attr9": 1.2058,
      "Attr10": 0.4922
    },
    "75%": {
      "Attr1": 0.1603,
      "Attr2": 0.6802,
      "Attr3": 0.3625,
      "Attr4": 2.4607,
      "Attr5": 37.7705,
      "Attr6": 0.1467,
      "Attr7": 0.1887,
      "Attr8": 2.2677,
      "Attr9": 2.133,
      "Attr10": 0.6757
    },
    "max": {
      "Attr1": 94.28,
      "Attr2": 441.5,
      "Attr3": 1.0,
      "Attr4": 1017.8,
      "Attr5": 990900.0,
      "Attr6": 303.67,
      "Attr7": 453.77,
      "Attr8": 1452.2,
      "Attr9": 3876.1,
      "Attr10": 1099.5
    }
  }
}