{
  "model": "HistGradientBoosting + sigmoid calibration",
  "val": {
    "roc_auc": 0.95638784852268,
    "pr_auc": 0.7328449886278615,
    "brier": 0.016711838183785813,
    "mean_prob": 0.03890152512642892,
    "positive_rate": 0.038876889848812095
  },
  "test": {
    "roc_auc": 0.9595366902483007,
    "pr_auc": 0.7727247594865331,
    "brier": 0.016804955619521916,
    "mean_prob": 0.037743268515097135,
    "positive_rate": 0.038876889848812095
  }
}