{
  "val": {
    "threshold": 0.5,
    "roc_auc": 0.7098263204032434,
    "pr_auc": 0.10013176427727548,
    "precision": 0.06963249516441006,
    "recall": 0.6666666666666666,
    "f1": 0.12609457092819615,
    "confusion_matrix": [
      [
        871,
        481
      ],
      [
        18,
        36
      ]
    ]
  },
  "test": {
    "threshold": 0.5,
    "roc_auc": 0.7216537913653298,
    "pr_auc": 0.1130638579306727,
    "precision": 0.07414829659318638,
    "recall": 0.6851851851851852,
    "f1": 0.13381555153707053,
    "confusion_matrix": [
      [
        890,
        462
      ],
      [
        17,
        37
      ]
    ]
  }
}