{
  "calibration_method": "sigmoid",
  "val": {
    "roc_auc": 0.7098263204032434,
    "pr_auc": 0.10013176427727548,
    "brier": 0.036917446213968724,
    "mean_prob": 0.03843117865748091,
    "positive_rate": 0.03840682788051209
  },
  "test": {
    "roc_auc": 0.721646942800789,
    "pr_auc": 0.1130638579306727,
    "brier": 0.03695160874221217,
    "mean_prob": 0.0397831833675188,
    "positive_rate": 0.03840682788051209
  }
}