{
  "bucket_share": {
    "MEDIUM": 0.4443074654940139,
    "LOW": 0.3037543529651,
    "HIGH": 0.20228260593274192,
    "CRITICAL": 0.049655575608144174
  },
  "bucket_counts": {
    "MEDIUM": 34959,
    "LOW": 23900,
    "HIGH": 15916,
    "CRITICAL": 3907
  },
  "default_rate_by_bucket": {
    "CRITICAL": 0.5851036600972613,
    "HIGH": 0.12754460919829103,
    "LOW": 0.0033891213389121337,
    "MEDIUM": 0.02354186332561
  },
  "overall_positive_rate": 0.06634300094049465,
  "rows": 78682
}